<ImportExportXml version="9.2.23052.234" SolutionPackageVersion="9.2" languagecode="1033" generatedBy="CrmLive" xmlns:xsi="http://www.w3.org/2001/XMLSchema-instance">
  <SolutionManifest>
    <UniqueName>ExportComponentsed2483bf5a034c7db69042be8c09b66d</UniqueName>
    <LocalizedNames>
      <LocalizedName description="ExportComponentsed2483bf5a034c7db69042be8c09b66d" languagecode="1033" />
    </LocalizedNames>
    <Descriptions />
    <Version>1.0</Version>
    <Managed>0</Managed>
    <Publisher>
      <UniqueName>Cr386d6</UniqueName>
      <LocalizedNames>
        <LocalizedName description="CDS Default Publisher" languagecode="1033" />
      </LocalizedNames>
      <Descriptions />
      <EMailAddress xsi:nil="true"></EMailAddress>
      <SupportingWebsiteUrl xsi:nil="true"></SupportingWebsiteUrl>
      <CustomizationPrefix>cr837</CustomizationPrefix>
      <CustomizationOptionValuePrefix>96073</CustomizationOptionValuePrefix>
    </Publisher>
    <RootComponents>
      <RootComponent type="1" schemaName="cr837_userrole" behavior="0" />
      <RootComponent type="1" schemaName="pw_actiontype" behavior="0" />
      <RootComponent type="1" schemaName="pw_incident" behavior="0" />
      <RootComponent type="1" schemaName="pw_incidentaction" behavior="0" />
      <RootComponent type="1" schemaName="pw_incidenttype" behavior="0" />
      <RootComponent type="1" schemaName="pw_incidenttypecategory" behavior="0" />
      <RootComponent type="1" schemaName="pw_school" behavior="0" />
      <RootComponent type="1" schemaName="pw_student" behavior="0" />
      <RootComponent type="1" schemaName="pw_teacher" behavior="0" />
      <RootComponent type="9" schemaName="pw_disciplinetier" behavior="0" />
      <RootComponent type="9" schemaName="pw_gradelevelchoice" behavior="0" />
      <RootComponent type="300" schemaName="pw_disciplineincidentreport_398a1" behavior="0" />
      <RootComponent type="300" schemaName="pw_pragmaticworksuicomponents_96f71" behavior="0" />
      <RootComponent type="300" schemaName="pw_pragmaticworksuireferenceapp_6e8aa" behavior="0" />
    </RootComponents>
    <MissingDependencies />
  </SolutionManifest>
</ImportExportXml>